area_codigo,area_nombre,consumo_energia_twh,consumo_per_capita_kwh,dependencia_energetica_pct_aprox,autosuficiencia_pct_aprox,energia_fosil_pct,energia_fosil_estado_publicacion,electricidad_baja_carbono_pct,entidades_totales,entidades_con_consumo,entidades_con_dependencia,entidades_con_fosil,entidades_con_electricidad,cobertura_consumo_poblacion_pct,cobertura_dependencia_consumo_pct,cobertura_fosil_consumo_pct,cobertura_fosil_poblacion_pct,cobertura_electricidad_generacion_pct,anio_min_consumo,anio_max_consumo,anio_min_dependencia,anio_max_dependencia,anio_min_electricidad,anio_max_electricidad,observaciones
AFR,África,5762.024379528,3720.4647348096014,-39.28919793801416,139.28919793801415,95.27362139607143,APLAZADO_1C6D,27.332110465708748,59,56,32,4,51,99.92126297959294,96.4348588551993,61.173534990991115,17.367652386283233,100.0,2024,2024,2022,2023,2024,2025,"Dependencia energetica neta aproximada, ponderada por consumo energetico. Autosuficiencia energetica neta aproximada. Participacion de combustibles fosiles en el consumo de energia primaria cubierto. Porcentaje de generacion electrica baja en carbono del area cubierta. ENE_FOS se aplaza por cobertura insuficiente y falta de fuente complementaria comparable para cuatro areas."
APC,Asia-Pacífico,21066.579901724,21615.32517913174,27.145799149252742,72.85420085074726,85.73696646873951,APLAZADO_1C6D,31.49576716239451,43,32,14,11,29,97.26127547851709,93.25041459811122,97.50222910325878,86.97650061844332,100.0,2024,2024,2022,2023,2024,2025,"Dependencia energetica neta aproximada, ponderada por consumo energetico. Autosuficiencia energetica neta aproximada. Participacion de combustibles fosiles en el consumo de energia primaria cubierto. Porcentaje de generacion electrica baja en carbono del area cubierta. ENE_FOS se aplaza por cobertura insuficiente y falta de fuente complementaria comparable para cuatro areas. La cifra de consumo energetico del area refleja cobertura disponible, no completitud absoluta."
CHN,China,49274.012088999996,34597.3327420571,24.80252150039811,75.19747849960189,79.53158538217819,APLAZADO_1C6D,41.507101579990916,3,3,2,2,3,100.0,99.97163192440115,99.97163192440115,99.94930411400915,100.0,2024,2024,2022,2023,2024,2025,"Dependencia energetica neta aproximada, ponderada por consumo energetico. Autosuficiencia energetica neta aproximada. Participacion de combustibles fosiles en el consumo de energia primaria cubierto. Porcentaje de generacion electrica baja en carbono del area cubierta. ENE_FOS se aplaza por cobertura insuficiente y falta de fuente complementaria comparable para cuatro areas."
EUR,Europa,19759.676454700002,33428.61200007177,38.88620230359038,61.11379769640962,65.65888697778165,APLAZADO_1C6D,71.80392685974412,51,39,37,32,38,99.91738514476336,99.6639652382354,98.1240408690405,97.07000134486388,100.0,2024,2024,2022,2023,2024,2025,"Dependencia energetica neta aproximada, ponderada por consumo energetico. Autosuficiencia energetica neta aproximada. Participacion de combustibles fosiles en el consumo de energia primaria cubierto. Porcentaje de generacion electrica baja en carbono del area cubierta. ENE_FOS se aplaza por cobertura insuficiente y falta de fuente complementaria comparable para cuatro areas."
MDE,Oriente Medio,13764.285232,35457.83160171716,-109.37417891692152,209.37417891692152,94.59508469660187,APLAZADO_1C6D,14.364126798260285,15,15,14,9,15,100.0,99.80354936312177,95.43328824268583,76.30078458229394,100.0,2024,2024,2022,2023,2024,2025,"Dependencia energetica neta aproximada, ponderada por consumo energetico. Autosuficiencia energetica neta aproximada. Participacion de combustibles fosiles en el consumo de energia primaria cubierto. Porcentaje de generacion electrica baja en carbono del area cubierta. ENE_FOS se aplaza por cobertura insuficiente y falta de fuente complementaria comparable para cuatro areas."
NAC,Norteamérica y Caribe,33686.71002877,54569.988641449134,-14.752558337981439,114.75255833798144,79.01428270638316,APLAZADO_1C6D,45.6985083139406,41,33,13,4,29,99.83376186378564,99.52967022118014,97.61951811831689,84.37557984250628,100.0,2024,2024,2022,2023,2024,2025,"Dependencia energetica neta aproximada, ponderada por consumo energetico. Autosuficiencia energetica neta aproximada. Participacion de combustibles fosiles en el consumo de energia primaria cubierto. Porcentaje de generacion electrica baja en carbono del area cubierta. ENE_FOS se aplaza por cobertura insuficiente y falta de fuente complementaria comparable para cuatro areas."
RUE,Rusia y Eurasia postsoviética,11729.553222000002,46224.92353414801,-71.48715425761785,171.48715425761785,89.2129522139931,APLAZADO_1C6D,34.12584480918745,10,10,10,6,10,100.0,100.0,98.04133015425435,90.2105049308404,100.0,2024,2024,2022,2023,2024,2025,"Dependencia energetica neta aproximada, ponderada por consumo energetico. Autosuficiencia energetica neta aproximada. Participacion de combustibles fosiles en el consumo de energia primaria cubierto. Porcentaje de generacion electrica baja en carbono del area cubierta. ENE_FOS se aplaza por cobertura insuficiente y falta de fuente complementaria comparable para cuatro areas."
SAI,Subcontinente indio,12982.5123693,6514.741600102413,36.849772055463994,63.150227944536006,88.8743695609523,APLAZADO_1C6D,28.81899845121322,8,8,5,4,8,100.0,99.49930562397373,99.09363945935262,96.24704046221989,100.0,2024,2024,2022,2023,2024,2025,"Dependencia energetica neta aproximada, ponderada por consumo energetico. Autosuficiencia energetica neta aproximada. Participacion de combustibles fosiles en el consumo de energia primaria cubierto. Porcentaje de generacion electrica baja en carbono del area cubierta. ENE_FOS se aplaza por cobertura insuficiente y falta de fuente complementaria comparable para cuatro areas."
SAM,Sudamérica,7591.9775351,17329.11134588667,-23.356178259453923,123.35617825945393,60.46748702632091,APLAZADO_1C6D,79.57788191190252,14,13,11,7,12,99.92840421767349,99.77686063977828,96.68678504464665,94.34551135519402,100.0,2024,2024,2022,2023,2024,2025,"Dependencia energetica neta aproximada, ponderada por consumo energetico. Autosuficiencia energetica neta aproximada. Participacion de combustibles fosiles en el consumo de energia primaria cubierto. Porcentaje de generacion electrica baja en carbono del area cubierta. ENE_FOS se aplaza por cobertura insuficiente y falta de fuente complementaria comparable para cuatro areas."
