codigo_iso3,codigo_m49,pais,area_codigo,anio,tec_net_pct,poblacion_2025,usuarios_estimados_2025,fuente_codigo,fuente,estado_revision,observaciones
AFG,004,Afghanistan,SAI,2024.0,16.09499931,43844116.0,7056710.1676755985,ITU_WB_NET,"UIT, World Telecommunication/ICT Indicators Database, distribuido por Banco Mundial",OK,Ultimo dato oficial disponible; se conserva el ano real.
ALB,008,Albania,EUR,2024.0,85.86389923,2771507.0,2379723.9776323964,ITU_WB_NET,"UIT, World Telecommunication/ICT Indicators Database, distribuido por Banco Mundial",OK,Ultimo dato oficial disponible; se conserva el ano real.
DZA,012,Algeria,AFR,2024.0,77.4178009,47435310.0,36723373.852097794,ITU_WB_NET,"UIT, World Telecommunication/ICT Indicators Database, distribuido por Banco Mundial",OK,Ultimo dato oficial disponible; se conserva el ano real.
ASM,016,American Samoa,APC,1990.0,0.0,46053.0,0.0,ITU_WB_NET,"UIT, World Telecommunication/ICT Indicators Database, distribuido por Banco Mundial",OK,Cero publicado por la fuente; no es una ausencia. Entidad SEGUN_FUENTE; tratamiento territorial conservado.
AND,020,Andorra,EUR,2024.0,94.39759827,82920.0,78274.488485484,ITU_WB_NET,"UIT, World Telecommunication/ICT Indicators Database, distribuido por Banco Mundial",OK,Ultimo dato oficial disponible; se conserva el ano real.
AGO,024,Angola,AFR,2024.0,40.70479965,39040034.0,15891167.622991882,ITU_WB_NET,"UIT, World Telecommunication/ICT Indicators Database, distribuido por Banco Mundial",OK,Ultimo dato oficial disponible; se conserva el ano real.
ATG,028,Antigua and Barbuda,NAC,2024.0,72.73040009,94222.0,68528.0375727998,ITU_WB_NET,"UIT, World Telecommunication/ICT Indicators Database, distribuido por Banco Mundial",OK,Ultimo dato oficial disponible; se conserva el ano real.
AZE,031,Azerbaijan,RUE,2025.0,90.80000181,10397712.0,9441122.684198586,ITU_WB_NET,"UIT, World Telecommunication/ICT Indicators Database, distribuido por Banco Mundial",OK,Ultimo dato oficial disponible; se conserva el ano real.
ARG,032,Argentina,SAM,2024.0,89.66715228,45851379.0,41113625.830409944,ITU_WB_NET,"UIT, World Telecommunication/ICT Indicators Database, distribuido por Banco Mundial",OK,Ultimo dato oficial disponible; se conserva el ano real.
AUS,036,Australia,APC,2024.0,96.13140106,26974024.0,25930507.193460654,ITU_WB_NET,"UIT, World Telecommunication/ICT Indicators Database, distribuido por Banco Mundial",OK,Ultimo dato oficial disponible; se conserva el ano real.
AUT,040,Austria,EUR,2025.0,91.92573373,9113578.0,8377723.44555586,ITU_WB_NET,"UIT, World Telecommunication/ICT Indicators Database, distribuido por Banco Mundial",OK,Ultimo dato oficial disponible; se conserva el ano real.
BHS,044,Bahamas,NAC,2024.0,92.47270203,403040.0,372701.97826171195,ITU_WB_NET,"UIT, World Telecommunication/ICT Indicators Database, distribuido por Banco Mundial",OK,Ultimo dato oficial disponible; se conserva el ano real.
BHR,048,Bahrain,MDE,2024.0,100.0,1643338.0,1643338.0,ITU_WB_NET,"UIT, World Telecommunication/ICT Indicators Database, distribuido por Banco Mundial",OK,Ultimo dato oficial disponible; se conserva el ano real.
BGD,050,Bangladesh,SAI,2024.0,53.42171316,175686904.0,93854953.91456456,ITU_WB_NET,"UIT, World Telecommunication/ICT Indicators Database, distribuido por Banco Mundial",OK,Ultimo dato oficial disponible; se conserva el ano real.
ARM,051,Armenia,RUE,2024.0,81.33930206,2952355.0,2401424.951333513,ITU_WB_NET,"UIT, World Telecommunication/ICT Indicators Database, distribuido por Banco Mundial",OK,Ultimo dato oficial disponible; se conserva el ano real.
BRB,052,Barbados,NAC,2024.0,70.36470032,282628.0,198870.3452204096,ITU_WB_NET,"UIT, World Telecommunication/ICT Indicators Database, distribuido por Banco Mundial",OK,Ultimo dato oficial disponible; se conserva el ano real.
BEL,056,Belgium,EUR,2024.0,95.77579144,11758601.0,11261893.170021756,ITU_WB_NET,"UIT, World Telecommunication/ICT Indicators Database, distribuido por Banco Mundial",OK,Ultimo dato oficial disponible; se conserva el ano real.
BMU,060,Bermuda,NAC,2017.0,98.37,64574.0,63521.4438,ITU_WB_NET,"UIT, World Telecommunication/ICT Indicators Database, distribuido por Banco Mundial",OK,Ultimo dato oficial disponible; se conserva el ano real. Entidad SEGUN_FUENTE; tratamiento territorial conservado.
BTN,064,Bhutan,SAI,2024.0,91.27739716,796689.0,727196.9826600325,ITU_WB_NET,"UIT, World Telecommunication/ICT Indicators Database, distribuido por Banco Mundial",OK,Ultimo dato oficial disponible; se conserva el ano real.
BOL,068,Bolivia,SAM,2024.0,79.70469666,12581847.0,10028322.98557531,ITU_WB_NET,"UIT, World Telecommunication/ICT Indicators Database, distribuido por Banco Mundial",OK,Ultimo dato oficial disponible; se conserva el ano real.
BIH,070,Bosnia and Herzegovina,EUR,2024.0,86.10091103,3140098.0,2703652.9852348096,ITU_WB_NET,"UIT, World Telecommunication/ICT Indicators Database, distribuido por Banco Mundial",OK,Ultimo dato oficial disponible; se conserva el ano real.
BWA,072,Botswana,AFR,2024.0,57.45950036,2562125.0,1472184.2235986502,ITU_WB_NET,"UIT, World Telecommunication/ICT Indicators Database, distribuido por Banco Mundial",OK,Ultimo dato oficial disponible; se conserva el ano real.
BRA,076,Brazil,SAM,2024.0,84.46347227,212812397.0,179748739.9272173,ITU_WB_NET,"UIT, World Telecommunication/ICT Indicators Database, distribuido por Banco Mundial",OK,Ultimo dato oficial disponible; se conserva el ano real.
BLZ,084,Belize,NAC,2024.0,80.00582262,422927.0,338366.22543208743,ITU_WB_NET,"UIT, World Telecommunication/ICT Indicators Database, distribuido por Banco Mundial",OK,Ultimo dato oficial disponible; se conserva el ano real.
IOT,086,British Indian Ocean Territory,AFR,,,,,,,AUSENTE_DOCUMENTADO,Sin dato UIT/Banco Mundial; no imputar ni convertir en cero. Entidad SEGUN_FUENTE; tratamiento territorial conservado.
SLB,090,Solomon Islands,APC,2024.0,29.04070091,838655.0,243551.29021676054,ITU_WB_NET,"UIT, World Telecommunication/ICT Indicators Database, distribuido por Banco Mundial",OK,Ultimo dato oficial disponible; se conserva el ano real.
VGB,092,"Virgin Islands, British",NAC,2017.0,77.7042682926829,39750.0,30887.446646341454,ITU_WB_NET,"UIT, World Telecommunication/ICT Indicators Database, distribuido por Banco Mundial",OK,Ultimo dato oficial disponible; se conserva el ano real. Entidad SEGUN_FUENTE; tratamiento territorial conservado.
BRN,096,Brunéi,APC,2024.0,96.29828801,466338.0,449075.5103400738,ITU_WB_NET,"UIT, World Telecommunication/ICT Indicators Database, distribuido por Banco Mundial",OK,Ultimo dato oficial disponible; se conserva el ano real.
BGR,100,Bulgaria,EUR,2024.0,82.438955,6714556.0,5535409.7992898,ITU_WB_NET,"UIT, World Telecommunication/ICT Indicators Database, distribuido por Banco Mundial",OK,Ultimo dato oficial disponible; se conserva el ano real.
MMR,104,Myanmar,APC,2020.0,45.4477005,54850648.0,24928358.22534924,ITU_WB_NET,"UIT, World Telecommunication/ICT Indicators Database, distribuido por Banco Mundial",OK,Ultimo dato oficial disponible; se conserva el ano real.
BDI,108,Burundi,AFR,2024.0,8.595999718,14390015.0,1236965.6488201576,ITU_WB_NET,"UIT, World Telecommunication/ICT Indicators Database, distribuido por Banco Mundial",OK,Ultimo dato oficial disponible; se conserva el ano real.
BLR,112,Belarus,RUE,2024.0,94.26182128,8997601.0,8481302.574107492,ITU_WB_NET,"UIT, World Telecommunication/ICT Indicators Database, distribuido por Banco Mundial",OK,Ultimo dato oficial disponible; se conserva el ano real.
KHM,116,Cambodia,APC,2024.0,68.47530365,17847981.0,12221459.185144307,ITU_WB_NET,"UIT, World Telecommunication/ICT Indicators Database, distribuido por Banco Mundial",OK,Ultimo dato oficial disponible; se conserva el ano real.
CMR,120,Cameroon,AFR,2024.0,46.25880051,29879341.0,13821824.746892639,ITU_WB_NET,"UIT, World Telecommunication/ICT Indicators Database, distribuido por Banco Mundial",OK,Ultimo dato oficial disponible; se conserva el ano real.
CAN,124,Canada,NAC,2024.0,94.353302,40126728.0,37860892.85255856,ITU_WB_NET,"UIT, World Telecommunication/ICT Indicators Database, distribuido por Banco Mundial",OK,Ultimo dato oficial disponible; se conserva el ano real.
CPV,132,Cabo Verde,AFR,2024.0,74.73519897,527333.0,394103.3667844701,ITU_WB_NET,"UIT, World Telecommunication/ICT Indicators Database, distribuido por Banco Mundial",OK,Ultimo dato oficial disponible; se conserva el ano real.
CYM,136,Cayman Islands,NAC,2017.0,81.0676932508161,75861.0,61498.762777001604,ITU_WB_NET,"UIT, World Telecommunication/ICT Indicators Database, distribuido por Banco Mundial",OK,Ultimo dato oficial disponible; se conserva el ano real.
CAF,140,Central African Republic,AFR,2024.0,13.78250027,5513286.0,759868.6578358721,ITU_WB_NET,"UIT, World Telecommunication/ICT Indicators Database, distribuido por Banco Mundial",OK,Ultimo dato oficial disponible; se conserva el ano real.
LKA,144,Sri Lanka,SAI,2024.0,54.59,23229474.0,12680969.856600001,ITU_WB_NET,"UIT, World Telecommunication/ICT Indicators Database, distribuido por Banco Mundial",OK,Ultimo dato oficial disponible; se conserva el ano real.
TCD,148,Chad,AFR,2024.0,12.62689972,21003701.0,2652116.2627586373,ITU_WB_NET,"UIT, World Telecommunication/ICT Indicators Database, distribuido por Banco Mundial",OK,Ultimo dato oficial disponible; se conserva el ano real.
CHL,152,Chile,SAM,2024.0,95.590243,19859919.0,18984144.83170317,ITU_WB_NET,"UIT, World Telecommunication/ICT Indicators Database, distribuido por Banco Mundial",OK,Ultimo dato oficial disponible; se conserva el ano real.
CHN,156,China,CHN,2025.0,91.6,1416096093.0,1297144021.188,ITU_WB_NET,"UIT, World Telecommunication/ICT Indicators Database, distribuido por Banco Mundial",OK,Ultimo dato oficial disponible; se conserva el ano real.
TWN,158,"Taiwan, Province of China",APC,2024.0,96.7,23112797.0,22350074.699,ITU_DATAHUB,"UIT DataHub, Individuals using the Internet",OK,Ultimo dato oficial disponible; se conserva el ano real. Entidad SEGUN_FUENTE; tratamiento territorial conservado.
CXR,162,Christmas Island,APC,,,,,,,AUSENTE_DOCUMENTADO,Sin dato UIT/Banco Mundial; no imputar ni convertir en cero. Entidad SEGUN_FUENTE; tratamiento territorial conservado.
CCK,166,Cocos (Keeling) Islands,APC,,,,,,,AUSENTE_DOCUMENTADO,Sin dato UIT/Banco Mundial; no imputar ni convertir en cero. Entidad SEGUN_FUENTE; tratamiento territorial conservado.
COL,170,Colombia,SAM,2024.0,79.34543299,53425629.0,42390796.65768101,ITU_WB_NET,"UIT, World Telecommunication/ICT Indicators Database, distribuido por Banco Mundial",OK,Ultimo dato oficial disponible; se conserva el ano real.
COM,174,Comoros,AFR,2024.0,32.51750183,882851.0,287081.0900811733,ITU_WB_NET,"UIT, World Telecommunication/ICT Indicators Database, distribuido por Banco Mundial",OK,Ultimo dato oficial disponible; se conserva el ano real.
MYT,175,Mayotte,AFR,,,337019.0,,,,AUSENTE_DOCUMENTADO,Sin dato UIT/Banco Mundial; no imputar ni convertir en cero. Entidad SEGUN_FUENTE; tratamiento territorial conservado.
COG,178,Congo,AFR,2024.0,47.25159836,6484437.0,3064000.1271472336,ITU_WB_NET,"UIT, World Telecommunication/ICT Indicators Database, distribuido por Banco Mundial",OK,Ultimo dato oficial disponible; se conserva el ano real.
COD,180,"Congo, The Democratic Republic of the",AFR,2024.0,19.67350006,112832475.0,22198097.036824483,ITU_WB_NET,"UIT, World Telecommunication/ICT Indicators Database, distribuido por Banco Mundial",OK,Ultimo dato oficial disponible; se conserva el ano real.
COK,184,Cook Islands,APC,,,13280.0,,,,AUSENTE_DOCUMENTADO,Sin dato UIT/Banco Mundial; no imputar ni convertir en cero. Entidad SEGUN_FUENTE; tratamiento territorial conservado.
CRI,188,Costa Rica,NAC,2024.0,87.17019653,5152949.0,4491835.77039067,ITU_WB_NET,"UIT, World Telecommunication/ICT Indicators Database, distribuido por Banco Mundial",OK,Ultimo dato oficial disponible; se conserva el ano real.
HRV,191,Croatia,EUR,2024.0,83.63240029,3848164.0,3218311.920295676,ITU_WB_NET,"UIT, World Telecommunication/ICT Indicators Database, distribuido por Banco Mundial",OK,Ultimo dato oficial disponible; se conserva el ano real.
CUB,192,Cuba,NAC,2024.0,70.47699738,10937203.0,7708212.271755282,ITU_WB_NET,"UIT, World Telecommunication/ICT Indicators Database, distribuido por Banco Mundial",OK,Ultimo dato oficial disponible; se conserva el ano real.
CYP,196,Cyprus,EUR,2024.0,89.60099246,1370754.0,1228209.1881851484,ITU_WB_NET,"UIT, World Telecommunication/ICT Indicators Database, distribuido por Banco Mundial",OK,Ultimo dato oficial disponible; se conserva el ano real.
CZE,203,Chequia,EUR,2024.0,87.68776014,10609241.0,9303005.800754536,ITU_WB_NET,"UIT, World Telecommunication/ICT Indicators Database, distribuido por Banco Mundial",OK,Ultimo dato oficial disponible; se conserva el ano real.
BEN,204,Benin,AFR,2024.0,33.98379898,14814460.0,5034516.306372508,ITU_WB_NET,"UIT, World Telecommunication/ICT Indicators Database, distribuido por Banco Mundial",OK,Ultimo dato oficial disponible; se conserva el ano real.
DNK,208,Denmark,EUR,2024.0,99.76915157,6002515.0,5988658.288361985,ITU_WB_NET,"UIT, World Telecommunication/ICT Indicators Database, distribuido por Banco Mundial",OK,Ultimo dato oficial disponible; se conserva el ano real.
DMA,212,Dominica,NAC,2024.0,82.04689789,65892.0,54062.34195767879,ITU_WB_NET,"UIT, World Telecommunication/ICT Indicators Database, distribuido por Banco Mundial",OK,Ultimo dato oficial disponible; se conserva el ano real.
DOM,214,Dominican Republic,NAC,2024.0,91.0022446,11520483.0,10483898.118761418,ITU_WB_NET,"UIT, World Telecommunication/ICT Indicators Database, distribuido por Banco Mundial",OK,Ultimo dato oficial disponible; se conserva el ano real.
ECU,218,Ecuador,SAM,2024.0,77.17273115,18289898.0,14114813.811149228,ITU_WB_NET,"UIT, World Telecommunication/ICT Indicators Database, distribuido por Banco Mundial",OK,Ultimo dato oficial disponible; se conserva el ano real.
SLV,222,El Salvador,NAC,2024.0,66.47769928,6365506.0,4231641.936330357,ITU_WB_NET,"UIT, World Telecommunication/ICT Indicators Database, distribuido por Banco Mundial",OK,Ultimo dato oficial disponible; se conserva el ano real.
GNQ,226,Equatorial Guinea,AFR,2024.0,63.29930115,1938436.0,1227016.441240014,ITU_WB_NET,"UIT, World Telecommunication/ICT Indicators Database, distribuido por Banco Mundial",OK,Ultimo dato oficial disponible; se conserva el ano real.
ETH,231,Ethiopia,AFR,2024.0,21.94129944,135472048.0,29724327.70918053,ITU_WB_NET,"UIT, World Telecommunication/ICT Indicators Database, distribuido por Banco Mundial",OK,Ultimo dato oficial disponible; se conserva el ano real.
ERI,232,Eritrea,AFR,2020.0,14.34939957,3607003.0,517583.2729718871,ITU_WB_NET,"UIT, World Telecommunication/ICT Indicators Database, distribuido por Banco Mundial",OK,Ultimo dato oficial disponible; se conserva el ano real.
EST,233,Estonia,EUR,2024.0,92.23796204,1344236.0,1239895.8914080143,ITU_WB_NET,"UIT, World Telecommunication/ICT Indicators Database, distribuido por Banco Mundial",OK,Ultimo dato oficial disponible; se conserva el ano real.
FRO,234,Faroe Islands,EUR,2017.0,97.5819589384468,56023.0,54668.340856086055,ITU_WB_NET,"UIT, World Telecommunication/ICT Indicators Database, distribuido por Banco Mundial",OK,Ultimo dato oficial disponible; se conserva el ano real. Entidad SEGUN_FUENTE; tratamiento territorial conservado.
FLK,238,Falkland Islands (Malvinas),SAM,,,3493.0,,,,AUSENTE_DOCUMENTADO,Sin dato UIT/Banco Mundial; no imputar ni convertir en cero. Entidad SEGUN_FUENTE; tratamiento territorial conservado.
FJI,242,Fiji,APC,2024.0,74.7052002,933159.0,697118.2991343179,ITU_WB_NET,"UIT, World Telecommunication/ICT Indicators Database, distribuido por Banco Mundial",OK,Ultimo dato oficial disponible; se conserva el ano real.
FIN,246,Finland,EUR,2024.0,93.72405196,5623328.0,5270410.856601229,ITU_WB_NET,"UIT, World Telecommunication/ICT Indicators Database, distribuido por Banco Mundial",OK,Ultimo dato oficial disponible; se conserva el ano real.
ALA,248,Åland Islands,EUR,,,,,,,AUSENTE_DOCUMENTADO,Sin dato UIT/Banco Mundial; no imputar ni convertir en cero. Entidad SEGUN_FUENTE; tratamiento territorial conservado.
FRA,250,France,EUR,2024.0,88.65381638,66650804.0,59088481.393953696,ITU_WB_NET,"UIT, World Telecommunication/ICT Indicators Database, distribuido por Banco Mundial",OK,Ultimo dato oficial disponible; se conserva el ano real.
GUF,254,French Guiana,SAM,,,313665.0,,,,AUSENTE_DOCUMENTADO,Sin dato UIT/Banco Mundial; no imputar ni convertir en cero. Entidad SEGUN_FUENTE; tratamiento territorial conservado.
PYF,258,French Polynesia,APC,2017.0,72.7038953132942,282468.0,205365.23901355587,ITU_WB_NET,"UIT, World Telecommunication/ICT Indicators Database, distribuido por Banco Mundial",OK,Ultimo dato oficial disponible; se conserva el ano real. Entidad SEGUN_FUENTE; tratamiento territorial conservado.
DJI,262,Djibouti,AFR,2024.0,65.29889679,1184082.0,773192.4830889679,ITU_WB_NET,"UIT, World Telecommunication/ICT Indicators Database, distribuido por Banco Mundial",OK,Ultimo dato oficial disponible; se conserva el ano real.
GAB,266,Gabon,AFR,2024.0,68.72090149,2593131.0,1782023.000016652,ITU_WB_NET,"UIT, World Telecommunication/ICT Indicators Database, distribuido por Banco Mundial",OK,Ultimo dato oficial disponible; se conserva el ano real.
GEO,268,Georgia,RUE,2024.0,83.79855689,3806669.0,3189933.687578994,ITU_WB_NET,"UIT, World Telecommunication/ICT Indicators Database, distribuido por Banco Mundial",OK,Ultimo dato oficial disponible; se conserva el ano real.
GMB,270,Gambia,AFR,2024.0,49.49430084,2822094.0,1396775.6943475895,ITU_WB_NET,"UIT, World Telecommunication/ICT Indicators Database, distribuido por Banco Mundial",OK,Ultimo dato oficial disponible; se conserva el ano real.
PSE,275,Palestina,MDE,2023.0,86.63765334,5589632.0,4842725.995141709,ITU_WB_NET,"UIT, World Telecommunication/ICT Indicators Database, distribuido por Banco Mundial",OK,Ultimo dato oficial disponible; se conserva el ano real.
DEU,276,Germany,EUR,2024.0,93.49999579,84075075.0,78610191.58543934,ITU_WB_NET,"UIT, World Telecommunication/ICT Indicators Database, distribuido por Banco Mundial",OK,Ultimo dato oficial disponible; se conserva el ano real.
GHA,288,Ghana,AFR,2024.0,72.17569733,35064277.0,25307886.438472804,ITU_WB_NET,"UIT, World Telecommunication/ICT Indicators Database, distribuido por Banco Mundial",OK,Ultimo dato oficial disponible; se conserva el ano real.
GIB,292,Gibraltar,EUR,2016.0,94.4444715818151,40152.0,37921.3442295304,ITU_WB_NET,"UIT, World Telecommunication/ICT Indicators Database, distribuido por Banco Mundial",OK,Ultimo dato oficial disponible; se conserva el ano real. Entidad SEGUN_FUENTE; tratamiento territorial conservado.
KIR,296,Kiribati,APC,2024.0,89.44029999,136505.0,122090.48150134951,ITU_WB_NET,"UIT, World Telecommunication/ICT Indicators Database, distribuido por Banco Mundial",OK,Ultimo dato oficial disponible; se conserva el ano real.
GRC,300,Greece,EUR,2024.0,86.26968886,9938847.0,8574212.383171445,ITU_WB_NET,"UIT, World Telecommunication/ICT Indicators Database, distribuido por Banco Mundial",OK,Ultimo dato oficial disponible; se conserva el ano real.
GRL,304,Greenland,NAC,2017.0,69.4824617821988,55767.0,38748.2844620788,ITU_WB_NET,"UIT, World Telecommunication/ICT Indicators Database, distribuido por Banco Mundial",OK,Ultimo dato oficial disponible; se conserva el ano real. Entidad SEGUN_FUENTE; tratamiento territorial conservado.
GRD,308,Grenada,NAC,2024.0,70.16159821,117315.0,82310.07894006149,ITU_WB_NET,"UIT, World Telecommunication/ICT Indicators Database, distribuido por Banco Mundial",OK,Ultimo dato oficial disponible; se conserva el ano real.
GLP,312,Guadeloupe,NAC,,,373796.0,,,,AUSENTE_DOCUMENTADO,Sin dato UIT/Banco Mundial; no imputar ni convertir en cero. Entidad SEGUN_FUENTE; tratamiento territorial conservado.
GUM,316,Guam,APC,2017.0,80.5054655600831,169014.0,136065.50756171884,ITU_WB_NET,"UIT, World Telecommunication/ICT Indicators Database, distribuido por Banco Mundial",OK,Ultimo dato oficial disponible; se conserva el ano real. Entidad SEGUN_FUENTE; tratamiento territorial conservado.
GTM,320,Guatemala,NAC,2024.0,60.22140121,18687881.0,11254103.79465736,ITU_WB_NET,"UIT, World Telecommunication/ICT Indicators Database, distribuido por Banco Mundial",OK,Ultimo dato oficial disponible; se conserva el ano real.
GIN,324,Guinea,AFR,2024.0,33.30469894,15099731.0,5028919.950299852,ITU_WB_NET,"UIT, World Telecommunication/ICT Indicators Database, distribuido por Banco Mundial",OK,Ultimo dato oficial disponible; se conserva el ano real.
GUY,328,Guyana,SAM,2024.0,83.00080109,835991.0,693879.2270403019,ITU_WB_NET,"UIT, World Telecommunication/ICT Indicators Database, distribuido por Banco Mundial",OK,Ultimo dato oficial disponible; se conserva el ano real.
HTI,332,Haiti,NAC,2024.0,47.8614006,11906094.0,5698423.345152564,ITU_WB_NET,"UIT, World Telecommunication/ICT Indicators Database, distribuido por Banco Mundial",OK,Ultimo dato oficial disponible; se conserva el ano real.
VAT,336,Holy See (Vatican City State),EUR,2024.0,89.2,510.0,454.92,ITU_DATAHUB,"UIT DataHub, Individuals using the Internet",OK,Ultimo dato oficial disponible; se conserva el ano real.
HND,340,Honduras,NAC,2024.0,58.62269974,11005852.0,6451927.571788785,ITU_WB_NET,"UIT, World Telecommunication/ICT Indicators Database, distribuido por Banco Mundial",OK,Ultimo dato oficial disponible; se conserva el ano real.
HKG,344,Hong Kong,CHN,2024.0,95.75536971,7396075.0,7082138.960278882,ITU_WB_NET,"UIT, World Telecommunication/ICT Indicators Database, distribuido por Banco Mundial",OK,Ultimo dato oficial disponible; se conserva el ano real. Entidad SEGUN_FUENTE; tratamiento territorial conservado.
HUN,348,Hungary,EUR,2024.0,93.77898628,9632286.0,9033060.166390361,ITU_WB_NET,"UIT, World Telecommunication/ICT Indicators Database, distribuido por Banco Mundial",OK,Ultimo dato oficial disponible; se conserva el ano real.
ISL,352,Iceland,EUR,2024.0,98.209198,398270.0,391137.7728746,ITU_WB_NET,"UIT, World Telecommunication/ICT Indicators Database, distribuido por Banco Mundial",OK,Ultimo dato oficial disponible; se conserva el ano real.
IND,356,India,SAI,2025.0,70.0,1463865527.0,1024705868.9,ITU_WB_NET,"UIT, World Telecommunication/ICT Indicators Database, distribuido por Banco Mundial",OK,Ultimo dato oficial disponible; se conserva el ano real.
IDN,360,Indonesia,APC,2024.0,72.78075544,285721230.0,207950069.64645988,ITU_WB_NET,"UIT, World Telecommunication/ICT Indicators Database, distribuido por Banco Mundial",OK,Ultimo dato oficial disponible; se conserva el ano real.
IRN,364,Irán,MDE,2024.0,85.3404007,92417684.0,78869621.8432598,ITU_WB_NET,"UIT, World Telecommunication/ICT Indicators Database, distribuido por Banco Mundial",OK,Ultimo dato oficial disponible; se conserva el ano real.
IRQ,368,Iraq,MDE,2024.0,81.47450256,47020778.0,38309944.97534192,ITU_WB_NET,"UIT, World Telecommunication/ICT Indicators Database, distribuido por Banco Mundial",OK,Ultimo dato oficial disponible; se conserva el ano real.
IRL,372,Ireland,EUR,2024.0,97.18769836,5308035.0,5158757.044643226,ITU_WB_NET,"UIT, World Telecommunication/ICT Indicators Database, distribuido por Banco Mundial",OK,Ultimo dato oficial disponible; se conserva el ano real.
ISR,376,Israel,MDE,2024.0,88.18242225,9517182.0,8392481.617540995,ITU_WB_NET,"UIT, World Telecommunication/ICT Indicators Database, distribuido por Banco Mundial",OK,Ultimo dato oficial disponible; se conserva el ano real.
ITA,380,Italy,EUR,2024.0,89.2207202,59146263.0,52770721.81998613,ITU_WB_NET,"UIT, World Telecommunication/ICT Indicators Database, distribuido por Banco Mundial",OK,Ultimo dato oficial disponible; se conserva el ano real.
CIV,384,Côte d'Ivoire,AFR,2024.0,41.43219902,32711546.0,13553112.841238849,ITU_WB_NET,"UIT, World Telecommunication/ICT Indicators Database, distribuido por Banco Mundial",OK,Ultimo dato oficial disponible; se conserva el ano real.
JAM,388,Jamaica,NAC,2024.0,90.10870361,2837080.0,2556456.008378588,ITU_WB_NET,"UIT, World Telecommunication/ICT Indicators Database, distribuido por Banco Mundial",OK,Ultimo dato oficial disponible; se conserva el ano real.
JPN,392,Japan,APC,2024.0,85.54153081,123103480.0,105304601.27238218,ITU_WB_NET,"UIT, World Telecommunication/ICT Indicators Database, distribuido por Banco Mundial",OK,Ultimo dato oficial disponible; se conserva el ano real.
KAZ,398,Kazakhstan,RUE,2024.0,93.39167254,20843758.0,19466334.216390055,ITU_WB_NET,"UIT, World Telecommunication/ICT Indicators Database, distribuido por Banco Mundial",OK,Ultimo dato oficial disponible; se conserva el ano real.
JOR,400,Jordan,MDE,2024.0,95.62244985,11520687.0,11016363.148950469,ITU_WB_NET,"UIT, World Telecommunication/ICT Indicators Database, distribuido por Banco Mundial",OK,Ultimo dato oficial disponible; se conserva el ano real.
KEN,404,Kenya,AFR,2024.0,34.97622513,57532491.0,20122693.57505699,ITU_WB_NET,"UIT, World Telecommunication/ICT Indicators Database, distribuido por Banco Mundial",OK,Ultimo dato oficial disponible; se conserva el ano real.
PRK,408,Corea del Norte,APC,2004.0,0.0,26571043.0,0.0,ITU_WB_NET,"UIT, World Telecommunication/ICT Indicators Database, distribuido por Banco Mundial",OK,Cero publicado por la fuente; no es una ausencia.
KOR,410,Corea del Sur,APC,2024.0,97.89563777,51667035.0,50579773.430099115,ITU_WB_NET,"UIT, World Telecommunication/ICT Indicators Database, distribuido por Banco Mundial",OK,Ultimo dato oficial disponible; se conserva el ano real.
KWT,414,Kuwait,MDE,2025.0,100.0,5026079.0,5026079.0,ITU_WB_NET,"UIT, World Telecommunication/ICT Indicators Database, distribuido por Banco Mundial",OK,Ultimo dato oficial disponible; se conserva el ano real.
KGZ,417,Kyrgyzstan,RUE,2024.0,92.0286026,7295037.0,6713520.610252962,ITU_WB_NET,"UIT, World Telecommunication/ICT Indicators Database, distribuido por Banco Mundial",OK,Ultimo dato oficial disponible; se conserva el ano real.
LAO,418,Lao People's Democratic Republic,APC,2024.0,65.59269714,7873048.0,5164144.530326827,ITU_WB_NET,"UIT, World Telecommunication/ICT Indicators Database, distribuido por Banco Mundial",OK,Ultimo dato oficial disponible; se conserva el ano real.
LBN,422,Lebanon,MDE,2024.0,80.63400269,5849423.0,4716623.899169479,ITU_WB_NET,"UIT, World Telecommunication/ICT Indicators Database, distribuido por Banco Mundial",OK,Ultimo dato oficial disponible; se conserva el ano real.
LSO,426,Lesotho,AFR,2024.0,51.79660034,2363330.0,1224124.594815322,ITU_WB_NET,"UIT, World Telecommunication/ICT Indicators Database, distribuido por Banco Mundial",OK,Ultimo dato oficial disponible; se conserva el ano real.
LVA,428,Latvia,EUR,2024.0,92.70757011,1853560.0,1718390.436530916,ITU_WB_NET,"UIT, World Telecommunication/ICT Indicators Database, distribuido por Banco Mundial",OK,Ultimo dato oficial disponible; se conserva el ano real.
LBR,430,Liberia,AFR,2024.0,32.23360062,5731206.0,1847374.052749477,ITU_WB_NET,"UIT, World Telecommunication/ICT Indicators Database, distribuido por Banco Mundial",OK,Ultimo dato oficial disponible; se conserva el ano real.
LBY,434,Libya,AFR,2024.0,81.95449829,7458554.0,6112620.510388727,ITU_WB_NET,"UIT, World Telecommunication/ICT Indicators Database, distribuido por Banco Mundial",OK,Ultimo dato oficial disponible; se conserva el ano real.
LIE,438,Liechtenstein,EUR,2024.0,98.2641983,40154.0,39457.006185382,ITU_WB_NET,"UIT, World Telecommunication/ICT Indicators Database, distribuido por Banco Mundial",OK,Ultimo dato oficial disponible; se conserva el ano real.
LTU,440,Lithuania,EUR,2024.0,89.16116293,2830150.0,2523394.6526633953,ITU_WB_NET,"UIT, World Telecommunication/ICT Indicators Database, distribuido por Banco Mundial",OK,Ultimo dato oficial disponible; se conserva el ano real.
LUX,442,Luxembourg,EUR,2025.0,99.12902211,680454.0,674527.3961083794,ITU_WB_NET,"UIT, World Telecommunication/ICT Indicators Database, distribuido por Banco Mundial",OK,Ultimo dato oficial disponible; se conserva el ano real.
MAC,446,Macao,CHN,2024.0,89.82640076,722018.0,648562.7822393369,ITU_WB_NET,"UIT, World Telecommunication/ICT Indicators Database, distribuido por Banco Mundial",OK,Ultimo dato oficial disponible; se conserva el ano real. Entidad SEGUN_FUENTE; tratamiento territorial conservado.
MDG,450,Madagascar,AFR,2024.0,18.67790031,32740682.0,6115271.944774114,ITU_WB_NET,"UIT, World Telecommunication/ICT Indicators Database, distribuido por Banco Mundial",OK,Ultimo dato oficial disponible; se conserva el ano real.
MWI,454,Malawi,AFR,2024.0,18.96159935,22216118.0,4212531.286283233,ITU_WB_NET,"UIT, World Telecommunication/ICT Indicators Database, distribuido por Banco Mundial",OK,Ultimo dato oficial disponible; se conserva el ano real.
MYS,458,Malaysia,APC,2024.0,98.0206059,35977834.0,35265690.87649621,ITU_WB_NET,"UIT, World Telecommunication/ICT Indicators Database, distribuido por Banco Mundial",OK,Ultimo dato oficial disponible; se conserva el ano real.
MDV,462,Maldives,SAI,2024.0,85.23999786,529680.0,451499.220664848,ITU_WB_NET,"UIT, World Telecommunication/ICT Indicators Database, distribuido por Banco Mundial",OK,Ultimo dato oficial disponible; se conserva el ano real.
MLI,466,Mali,AFR,2024.0,36.80149841,25198819.0,9273542.973623777,ITU_WB_NET,"UIT, World Telecommunication/ICT Indicators Database, distribuido por Banco Mundial",OK,Ultimo dato oficial disponible; se conserva el ano real.
MLT,470,Malta,EUR,2024.0,93.86029816,545406.0,511919.6977825296,ITU_WB_NET,"UIT, World Telecommunication/ICT Indicators Database, distribuido por Banco Mundial",OK,Ultimo dato oficial disponible; se conserva el ano real.
MTQ,474,Martinique,NAC,,,340451.0,,,,AUSENTE_DOCUMENTADO,Sin dato UIT/Banco Mundial; no imputar ni convertir en cero. Entidad SEGUN_FUENTE; tratamiento territorial conservado.
MRT,478,Mauritania,AFR,2024.0,45.77939987,5315072.0,2433208.0642584064,ITU_WB_NET,"UIT, World Telecommunication/ICT Indicators Database, distribuido por Banco Mundial",OK,Ultimo dato oficial disponible; se conserva el ano real.
MUS,480,Mauritius,AFR,2024.0,73.30793533,1268285.0,929753.5476000906,ITU_WB_NET,"UIT, World Telecommunication/ICT Indicators Database, distribuido por Banco Mundial",OK,Ultimo dato oficial disponible; se conserva el ano real.
MEX,484,Mexico,NAC,2024.0,83.12233799,131946897.0,109677345.69165719,ITU_WB_NET,"UIT, World Telecommunication/ICT Indicators Database, distribuido por Banco Mundial",OK,Ultimo dato oficial disponible; se conserva el ano real.
MCO,492,Monaco,EUR,2024.0,99.04489899,38367.0,38000.5563954933,ITU_WB_NET,"UIT, World Telecommunication/ICT Indicators Database, distribuido por Banco Mundial",OK,Ultimo dato oficial disponible; se conserva el ano real.
MNG,496,Mongolia,APC,2024.0,85.12349701,3517097.0,2993875.9596337997,ITU_WB_NET,"UIT, World Telecommunication/ICT Indicators Database, distribuido por Banco Mundial",OK,Ultimo dato oficial disponible; se conserva el ano real.
MDA,498,Moldavia,EUR,2024.0,77.3687973,2996104.0,2318049.630657192,ITU_WB_NET,"UIT, World Telecommunication/ICT Indicators Database, distribuido por Banco Mundial",OK,Ultimo dato oficial disponible; se conserva el ano real.
MNE,499,Montenegro,EUR,2024.0,88.88258428,632730.0,562386.775514844,ITU_WB_NET,"UIT, World Telecommunication/ICT Indicators Database, distribuido por Banco Mundial",OK,Ultimo dato oficial disponible; se conserva el ano real.
MSR,500,Montserrat,NAC,,,4383.0,,,,AUSENTE_DOCUMENTADO,Sin dato UIT/Banco Mundial; no imputar ni convertir en cero. Entidad SEGUN_FUENTE; tratamiento territorial conservado.
MAR,504,Morocco,AFR,2024.0,91.2,38430774.0,35048865.888000004,ITU_WB_NET,"UIT, World Telecommunication/ICT Indicators Database, distribuido por Banco Mundial",OK,Ultimo dato oficial disponible; se conserva el ano real.
MOZ,508,Mozambique,AFR,2024.0,20.52729988,35631657.0,7314217.084603012,ITU_WB_NET,"UIT, World Telecommunication/ICT Indicators Database, distribuido por Banco Mundial",OK,Ultimo dato oficial disponible; se conserva el ano real.
OMN,512,Oman,MDE,2024.0,95.25174678,5494696.0,5233793.920250789,ITU_WB_NET,"UIT, World Telecommunication/ICT Indicators Database, distribuido por Banco Mundial",OK,Ultimo dato oficial disponible; se conserva el ano real.
NAM,516,Namibia,AFR,2024.0,64.87460327,3092821.0,2006455.3536012464,ITU_WB_NET,"UIT, World Telecommunication/ICT Indicators Database, distribuido por Banco Mundial",OK,Ultimo dato oficial disponible; se conserva el ano real.
NRU,520,Nauru,APC,2024.0,83.01170349,12052.0,10004.5705046148,ITU_WB_NET,"UIT, World Telecommunication/ICT Indicators Database, distribuido por Banco Mundial",OK,Ultimo dato oficial disponible; se conserva el ano real.
NPL,524,Nepal,SAI,2024.0,46.32189941,29618120.0,13719675.753533091,ITU_WB_NET,"UIT, World Telecommunication/ICT Indicators Database, distribuido por Banco Mundial",OK,Ultimo dato oficial disponible; se conserva el ano real.
NLD,528,Netherlands,EUR,2024.0,97.00679779,18346823.0,17797665.48849921,ITU_WB_NET,"UIT, World Telecommunication/ICT Indicators Database, distribuido por Banco Mundial",OK,Ultimo dato oficial disponible; se conserva el ano real.
CUW,531,Curaçao,NAC,2017.0,68.1272162511339,185495.0,126372.57978504084,ITU_WB_NET,"UIT, World Telecommunication/ICT Indicators Database, distribuido por Banco Mundial",OK,Ultimo dato oficial disponible; se conserva el ano real. Entidad SEGUN_FUENTE; tratamiento territorial conservado.
ABW,533,Aruba,NAC,2017.0,97.17,108157.0,105096.1569,ITU_WB_NET,"UIT, World Telecommunication/ICT Indicators Database, distribuido por Banco Mundial",OK,Ultimo dato oficial disponible; se conserva el ano real. Entidad SEGUN_FUENTE; tratamiento territorial conservado.
SXM,534,Sint Maarten (Dutch part),NAC,,,43946.0,,,,AUSENTE_DOCUMENTADO,Sin dato UIT/Banco Mundial; no imputar ni convertir en cero. Entidad SEGUN_FUENTE; tratamiento territorial conservado.
BES,535,"Bonaire, Sint Eustatius and Saba",NAC,,,31364.0,,,,AUSENTE_DOCUMENTADO,Sin dato UIT/Banco Mundial; no imputar ni convertir en cero. Entidad SEGUN_FUENTE; tratamiento territorial conservado.
NCL,540,New Caledonia,APC,2017.0,82.0058408035186,295334.0,242191.1298786636,ITU_WB_NET,"UIT, World Telecommunication/ICT Indicators Database, distribuido por Banco Mundial",OK,Ultimo dato oficial disponible; se conserva el ano real. Entidad SEGUN_FUENTE; tratamiento territorial conservado.
VUT,548,Vanuatu,APC,2015.0,22.35140038,335180.0,74917.423793684,ITU_WB_NET,"UIT, World Telecommunication/ICT Indicators Database, distribuido por Banco Mundial",OK,Ultimo dato oficial disponible; se conserva el ano real.
NZL,554,New Zealand,APC,2024.0,93.51930237,5251897.0,4911537.435590959,ITU_WB_NET,"UIT, World Telecommunication/ICT Indicators Database, distribuido por Banco Mundial",OK,Ultimo dato oficial disponible; se conserva el ano real.
NIC,558,Nicaragua,NAC,2024.0,61.39550018,7007507.0,4302293.972798512,ITU_WB_NET,"UIT, World Telecommunication/ICT Indicators Database, distribuido por Banco Mundial",OK,Ultimo dato oficial disponible; se conserva el ano real.
NER,562,Niger,AFR,2024.0,15.55760002,27917831.0,4343344.481239567,ITU_WB_NET,"UIT, World Telecommunication/ICT Indicators Database, distribuido por Banco Mundial",OK,Ultimo dato oficial disponible; se conserva el ano real.
NGA,566,Nigeria,AFR,2024.0,41.21139908,237527788.0,97888524.63857636,ITU_WB_NET,"UIT, World Telecommunication/ICT Indicators Database, distribuido por Banco Mundial",OK,Ultimo dato oficial disponible; se conserva el ano real.
NIU,570,Niue,APC,,,1842.0,,,,AUSENTE_DOCUMENTADO,Sin dato UIT/Banco Mundial; no imputar ni convertir en cero. Entidad SEGUN_FUENTE; tratamiento territorial conservado.
NFK,574,Norfolk Island,APC,,,,,,,AUSENTE_DOCUMENTADO,Sin dato UIT/Banco Mundial; no imputar ni convertir en cero. Entidad SEGUN_FUENTE; tratamiento territorial conservado.
NOR,578,Norway,EUR,2024.0,99.0,5623074.0,5566843.26,ITU_WB_NET,"UIT, World Telecommunication/ICT Indicators Database, distribuido por Banco Mundial",OK,Ultimo dato oficial disponible; se conserva el ano real.
MNP,580,Northern Mariana Islands,APC,1990.0,0.0,43564.0,0.0,ITU_WB_NET,"UIT, World Telecommunication/ICT Indicators Database, distribuido por Banco Mundial",OK,Cero publicado por la fuente; no es una ausencia. Entidad SEGUN_FUENTE; tratamiento territorial conservado.
FSM,583,"Micronesia, Federated States of",APC,2024.0,39.52360153,113698.0,44937.5444675794,ITU_WB_NET,"UIT, World Telecommunication/ICT Indicators Database, distribuido por Banco Mundial",OK,Ultimo dato oficial disponible; se conserva el ano real.
MHL,584,Marshall Islands,APC,2024.0,65.915802,36305.0,23930.7319161,ITU_WB_NET,"UIT, World Telecommunication/ICT Indicators Database, distribuido por Banco Mundial",OK,Ultimo dato oficial disponible; se conserva el ano real.
PLW,585,Palau,APC,2024.0,83.92549896,17687.0,14843.903001055201,ITU_WB_NET,"UIT, World Telecommunication/ICT Indicators Database, distribuido por Banco Mundial",OK,Ultimo dato oficial disponible; se conserva el ano real.
PAK,586,Pakistan,SAI,2024.0,57.253,255219560.0,146120854.6868,ITU_WB_NET,"UIT, World Telecommunication/ICT Indicators Database, distribuido por Banco Mundial",OK,Ultimo dato oficial disponible; se conserva el ano real.
PAN,591,Panama,NAC,2024.0,72.77149963,4571194.0,3326526.4247965817,ITU_WB_NET,"UIT, World Telecommunication/ICT Indicators Database, distribuido por Banco Mundial",OK,Ultimo dato oficial disponible; se conserva el ano real.
PNG,598,Papua New Guinea,APC,2024.0,18.81159973,10762821.0,2024658.8061763835,ITU_WB_NET,"UIT, World Telecommunication/ICT Indicators Database, distribuido por Banco Mundial",OK,Ultimo dato oficial disponible; se conserva el ano real.
PRY,600,Paraguay,SAM,2024.0,81.57806793,7013079.0,5721134.350604565,ITU_WB_NET,"UIT, World Telecommunication/ICT Indicators Database, distribuido por Banco Mundial",OK,Ultimo dato oficial disponible; se conserva el ano real.
PER,604,Peru,SAM,2024.0,81.95705992,34576673.0,28338024.608952466,ITU_WB_NET,"UIT, World Telecommunication/ICT Indicators Database, distribuido por Banco Mundial",OK,Ultimo dato oficial disponible; se conserva el ano real.
PHL,608,Philippines,APC,2024.0,67.26300914,116786960.0,78554423.57912815,ITU_WB_NET,"UIT, World Telecommunication/ICT Indicators Database, distribuido por Banco Mundial",OK,Ultimo dato oficial disponible; se conserva el ano real.
PCN,612,Pitcairn,APC,,,,,,,AUSENTE_DOCUMENTADO,Sin dato UIT/Banco Mundial; no imputar ni convertir en cero. Entidad SEGUN_FUENTE; tratamiento territorial conservado.
POL,616,Poland,EUR,2024.0,88.58496367,38140913.0,33787113.924456306,ITU_WB_NET,"UIT, World Telecommunication/ICT Indicators Database, distribuido por Banco Mundial",OK,Ultimo dato oficial disponible; se conserva el ano real.
PRT,620,Portugal,EUR,2024.0,88.48704454,10411831.0,9213121.534399528,ITU_WB_NET,"UIT, World Telecommunication/ICT Indicators Database, distribuido por Banco Mundial",OK,Ultimo dato oficial disponible; se conserva el ano real.
GNB,624,Guinea-Bissau,AFR,2024.0,29.77739906,2249521.0,669848.8451085025,ITU_WB_NET,"UIT, World Telecommunication/ICT Indicators Database, distribuido por Banco Mundial",OK,Ultimo dato oficial disponible; se conserva el ano real.
TLS,626,Timor Oriental,APC,2021.0,35.04199982,1418520.0,497077.77584666404,ITU_WB_NET,"UIT, World Telecommunication/ICT Indicators Database, distribuido por Banco Mundial",OK,Ultimo dato oficial disponible; se conserva el ano real.
PRI,630,Puerto Rico,NAC,2022.0,87.29178106,3235290.0,2824142.263456074,ITU_WB_NET,"UIT, World Telecommunication/ICT Indicators Database, distribuido por Banco Mundial",OK,Ultimo dato oficial disponible; se conserva el ano real. Entidad SEGUN_FUENTE; tratamiento territorial conservado.
QAT,634,Qatar,MDE,2024.0,98.08540344,3115891.0,3056234.2581006503,ITU_WB_NET,"UIT, World Telecommunication/ICT Indicators Database, distribuido por Banco Mundial",OK,Ultimo dato oficial disponible; se conserva el ano real.
REU,638,Réunion,AFR,,,882411.0,,,,AUSENTE_DOCUMENTADO,Sin dato UIT/Banco Mundial; no imputar ni convertir en cero. Entidad SEGUN_FUENTE; tratamiento territorial conservado.
ROU,642,Romania,EUR,2024.0,91.29048551,18908655.0,17261802.95291089,ITU_WB_NET,"UIT, World Telecommunication/ICT Indicators Database, distribuido por Banco Mundial",OK,Ultimo dato oficial disponible; se conserva el ano real.
RUS,643,Rusia,RUE,2024.0,94.36495368,143997393.0,135883073.20485756,ITU_WB_NET,"UIT, World Telecommunication/ICT Indicators Database, distribuido por Banco Mundial",OK,Ultimo dato oficial disponible; se conserva el ano real.
RWA,646,Rwanda,AFR,2024.0,31.70330048,14569349.0,4618964.491449875,ITU_WB_NET,"UIT, World Telecommunication/ICT Indicators Database, distribuido por Banco Mundial",OK,Ultimo dato oficial disponible; se conserva el ano real.
BLM,652,Saint Barthélemy,NAC,,,11442.0,,,,AUSENTE_DOCUMENTADO,Sin dato UIT/Banco Mundial; no imputar ni convertir en cero. Entidad SEGUN_FUENTE; tratamiento territorial conservado.
SHN,654,"Saint Helena, Ascension and Tristan da Cunha",AFR,,,5220.0,,,,AUSENTE_DOCUMENTADO,Sin dato UIT/Banco Mundial; no imputar ni convertir en cero. Entidad SEGUN_FUENTE; tratamiento territorial conservado.
KNA,659,Saint Kitts and Nevis,NAC,2024.0,76.88400269,46945.0,36093.1950628205,ITU_WB_NET,"UIT, World Telecommunication/ICT Indicators Database, distribuido por Banco Mundial",OK,Ultimo dato oficial disponible; se conserva el ano real.
AIA,660,Anguilla,NAC,,,14750.0,,,,AUSENTE_DOCUMENTADO,Sin dato UIT/Banco Mundial; no imputar ni convertir en cero. Entidad SEGUN_FUENTE; tratamiento territorial conservado.
LCA,662,Saint Lucia,NAC,2024.0,68.20500183,180157.0,122876.08514687311,ITU_WB_NET,"UIT, World Telecommunication/ICT Indicators Database, distribuido por Banco Mundial",OK,Ultimo dato oficial disponible; se conserva el ano real.
MAF,663,Saint Martin (French part),NAC,,,24964.0,,,,AUSENTE_DOCUMENTADO,Sin dato UIT/Banco Mundial; no imputar ni convertir en cero. Entidad SEGUN_FUENTE; tratamiento territorial conservado.
SPM,666,Saint Pierre and Miquelon,NAC,,,5594.0,,,,AUSENTE_DOCUMENTADO,Sin dato UIT/Banco Mundial; no imputar ni convertir en cero. Entidad SEGUN_FUENTE; tratamiento territorial conservado.
VCT,670,Saint Vincent and the Grenadines,NAC,2024.0,76.19010162,99934.0,76139.81615293078,ITU_WB_NET,"UIT, World Telecommunication/ICT Indicators Database, distribuido por Banco Mundial",OK,Ultimo dato oficial disponible; se conserva el ano real.
SMR,674,San Marino,EUR,2024.0,97.35220337,33599.0,32709.3668102863,ITU_WB_NET,"UIT, World Telecommunication/ICT Indicators Database, distribuido por Banco Mundial",OK,Ultimo dato oficial disponible; se conserva el ano real.
STP,678,Sao Tome and Principe,AFR,2024.0,59.11759949,240263.0,142037.7180626587,ITU_WB_NET,"UIT, World Telecommunication/ICT Indicators Database, distribuido por Banco Mundial",OK,Ultimo dato oficial disponible; se conserva el ano real.
SAU,682,Saudi Arabia,MDE,2024.0,100.0,34566327.0,34566327.0,ITU_WB_NET,"UIT, World Telecommunication/ICT Indicators Database, distribuido por Banco Mundial",OK,Ultimo dato oficial disponible; se conserva el ano real.
SEN,686,Senegal,AFR,2024.0,60.11780167,18931969.0,11381483.575645883,ITU_WB_NET,"UIT, World Telecommunication/ICT Indicators Database, distribuido por Banco Mundial",OK,Ultimo dato oficial disponible; se conserva el ano real.
SRB,688,Serbia,EUR,2024.0,87.69071294,6689038.0,5865665.111027517,ITU_WB_NET,"UIT, World Telecommunication/ICT Indicators Database, distribuido por Banco Mundial",OK,Ultimo dato oficial disponible; se conserva el ano real.
SYC,690,Seychelles,AFR,2024.0,87.81800079,132796.0,116618.79232908839,ITU_WB_NET,"UIT, World Telecommunication/ICT Indicators Database, distribuido por Banco Mundial",OK,Ultimo dato oficial disponible; se conserva el ano real.
SLE,694,Sierra Leone,AFR,2024.0,25.10499954,8819796.0,2214209.7452289383,ITU_WB_NET,"UIT, World Telecommunication/ICT Indicators Database, distribuido por Banco Mundial",OK,Ultimo dato oficial disponible; se conserva el ano real.
SGP,702,Singapore,APC,2024.0,94.37757178,5870749.0,5540670.351498633,ITU_WB_NET,"UIT, World Telecommunication/ICT Indicators Database, distribuido por Banco Mundial",OK,Ultimo dato oficial disponible; se conserva el ano real.
SVK,703,Slovakia,EUR,2024.0,89.82507032,5474874.0,4917809.420431396,ITU_WB_NET,"UIT, World Telecommunication/ICT Indicators Database, distribuido por Banco Mundial",OK,Ultimo dato oficial disponible; se conserva el ano real.
VNM,704,Vietnam,APC,2024.0,84.15,101598530.0,85495162.995,ITU_WB_NET,"UIT, World Telecommunication/ICT Indicators Database, distribuido por Banco Mundial",OK,Ultimo dato oficial disponible; se conserva el ano real.
SVN,705,Slovenia,EUR,2024.0,90.76355487,2117070.0,1921527.9910863088,ITU_WB_NET,"UIT, World Telecommunication/ICT Indicators Database, distribuido por Banco Mundial",OK,Ultimo dato oficial disponible; se conserva el ano real.
SOM,706,Somalia,AFR,2024.0,27.94020081,19654743.0,5491574.662889418,ITU_WB_NET,"UIT, World Telecommunication/ICT Indicators Database, distribuido por Banco Mundial",OK,Ultimo dato oficial disponible; se conserva el ano real.
ZAF,710,South Africa,AFR,2024.0,78.35759735,64747319.0,50734443.51694005,ITU_WB_NET,"UIT, World Telecommunication/ICT Indicators Database, distribuido por Banco Mundial",OK,Ultimo dato oficial disponible; se conserva el ano real.
ZWE,716,Zimbabwe,AFR,2024.0,41.64279938,16950798.0,7058786.804449053,ITU_WB_NET,"UIT, World Telecommunication/ICT Indicators Database, distribuido por Banco Mundial",OK,Ultimo dato oficial disponible; se conserva el ano real.
ESP,724,Spain,EUR,2024.0,95.7574516,47889960.0,45858205.268259354,ITU_WB_NET,"UIT, World Telecommunication/ICT Indicators Database, distribuido por Banco Mundial",OK,Ultimo dato oficial disponible; se conserva el ano real.
SSD,728,South Sudan,AFR,2019.0,6.671000004,12188798.0,813114.7150675519,ITU_WB_NET,"UIT, World Telecommunication/ICT Indicators Database, distribuido por Banco Mundial",OK,Ultimo dato oficial disponible; se conserva el ano real.
SDN,729,Sudan,AFR,2017.0,18.60000038,51662149.0,9609159.910316167,ITU_WB_NET,"UIT, World Telecommunication/ICT Indicators Database, distribuido por Banco Mundial",OK,Ultimo dato oficial disponible; se conserva el ano real.
ESH,732,Western Sahara,AFR,,,600913.0,,,,AUSENTE_DOCUMENTADO,Sin dato UIT/Banco Mundial; no imputar ni convertir en cero. Entidad SEGUN_FUENTE; tratamiento territorial conservado.
SUR,740,Suriname,SAM,2023.0,87.4,639860.0,559237.64,ITU_WB_NET,"UIT, World Telecommunication/ICT Indicators Database, distribuido por Banco Mundial",OK,Ultimo dato oficial disponible; se conserva el ano real.
SJM,744,Svalbard and Jan Mayen,EUR,,,,,,,AUSENTE_DOCUMENTADO,Sin dato UIT/Banco Mundial; no imputar ni convertir en cero. Entidad SEGUN_FUENTE; tratamiento territorial conservado.
SWZ,748,Esuatini,AFR,2024.0,63.40309906,1256178.0,796455.7817099269,ITU_WB_NET,"UIT, World Telecommunication/ICT Indicators Database, distribuido por Banco Mundial",OK,Ultimo dato oficial disponible; se conserva el ano real.
SWE,752,Sweden,EUR,2025.0,95.76629783,10656636.0,10205465.770419,ITU_WB_NET,"UIT, World Telecommunication/ICT Indicators Database, distribuido por Banco Mundial",OK,Ultimo dato oficial disponible; se conserva el ano real.
CHE,756,Switzerland,EUR,2025.0,97.32103855,8967413.0,8727179.462667711,ITU_WB_NET,"UIT, World Telecommunication/ICT Indicators Database, distribuido por Banco Mundial",OK,Ultimo dato oficial disponible; se conserva el ano real.
SYR,760,Siria,MDE,2018.0,33.77000046,25620419.0,8652015.614153927,ITU_WB_NET,"UIT, World Telecommunication/ICT Indicators Database, distribuido por Banco Mundial",OK,Ultimo dato oficial disponible; se conserva el ano real.
TJK,762,Tajikistan,RUE,2024.0,55.79339981,10786738.0,6018287.858797197,ITU_WB_NET,"UIT, World Telecommunication/ICT Indicators Database, distribuido por Banco Mundial",OK,Ultimo dato oficial disponible; se conserva el ano real.
THA,764,Thailand,APC,2024.0,90.86718789,71619866.0,65078958.204786226,ITU_WB_NET,"UIT, World Telecommunication/ICT Indicators Database, distribuido por Banco Mundial",OK,Ultimo dato oficial disponible; se conserva el ano real.
TGO,768,Togo,AFR,2024.0,39.48320007,8591630.0,3392250.4621741413,ITU_WB_NET,"UIT, World Telecommunication/ICT Indicators Database, distribuido por Banco Mundial",OK,Ultimo dato oficial disponible; se conserva el ano real.
TKL,772,Tokelau,APC,,,2632.0,,,,AUSENTE_DOCUMENTADO,Sin dato UIT/Banco Mundial; no imputar ni convertir en cero. Entidad SEGUN_FUENTE; tratamiento territorial conservado.
TON,776,Tonga,APC,2024.0,67.4417038,103759.0,69976.837445842,ITU_WB_NET,"UIT, World Telecommunication/ICT Indicators Database, distribuido por Banco Mundial",OK,Ultimo dato oficial disponible; se conserva el ano real.
TTO,780,Trinidad and Tobago,NAC,2024.0,82.15989685,1511164.0,1241570.7836343339,ITU_WB_NET,"UIT, World Telecommunication/ICT Indicators Database, distribuido por Banco Mundial",OK,Ultimo dato oficial disponible; se conserva el ano real.
ARE,784,United Arab Emirates,MDE,2024.0,100.0,11346006.0,11346006.0,ITU_WB_NET,"UIT, World Telecommunication/ICT Indicators Database, distribuido por Banco Mundial",OK,Ultimo dato oficial disponible; se conserva el ano real.
TUN,788,Tunisia,AFR,2024.0,76.5,12348576.0,9446660.64,ITU_WB_NET,"UIT, World Telecommunication/ICT Indicators Database, distribuido por Banco Mundial",OK,Ultimo dato oficial disponible; se conserva el ano real.
TUR,792,Turquía,MDE,2025.0,89.77024003,87685427.0,78715418.28923042,ITU_WB_NET,"UIT, World Telecommunication/ICT Indicators Database, distribuido por Banco Mundial",OK,Ultimo dato oficial disponible; se conserva el ano real.
TKM,795,Turkmenistan,RUE,2016.0,17.99029922,7618852.0,1370654.2719289544,ITU_WB_NET,"UIT, World Telecommunication/ICT Indicators Database, distribuido por Banco Mundial",OK,Ultimo dato oficial disponible; se conserva el ano real.
TCA,796,Turks and Caicos Islands,NAC,1990.0,0.0,46880.0,0.0,ITU_WB_NET,"UIT, World Telecommunication/ICT Indicators Database, distribuido por Banco Mundial",OK,Cero publicado por la fuente; no es una ausencia. Entidad SEGUN_FUENTE; tratamiento territorial conservado.
TUV,798,Tuvalu,APC,2017.0,35.20000076,9516.0,3349.6320723216004,ITU_WB_NET,"UIT, World Telecommunication/ICT Indicators Database, distribuido por Banco Mundial",OK,Ultimo dato oficial disponible; se conserva el ano real.
UGA,800,Uganda,AFR,2024.0,8.949831061,51384893.0,4598861.114375615,ITU_WB_NET,"UIT, World Telecommunication/ICT Indicators Database, distribuido por Banco Mundial",OK,Ultimo dato oficial disponible; se conserva el ano real.
UKR,804,Ukraine,EUR,2024.0,82.47489929,38980380.0,32149029.1478593,ITU_WB_NET,"UIT, World Telecommunication/ICT Indicators Database, distribuido por Banco Mundial",OK,Ultimo dato oficial disponible; se conserva el ano real.
MKD,807,North Macedonia,EUR,2025.0,93.1,1813792.0,1688640.352,ITU_WB_NET,"UIT, World Telecommunication/ICT Indicators Database, distribuido por Banco Mundial",OK,Ultimo dato oficial disponible; se conserva el ano real.
EGY,818,Egypt,AFR,2024.0,74.64839935,118365995.0,88358320.64220104,ITU_WB_NET,"UIT, World Telecommunication/ICT Indicators Database, distribuido por Banco Mundial",OK,Ultimo dato oficial disponible; se conserva el ano real.
GBR,826,Reino Unido,EUR,2024.0,95.4720993,69551334.0,66402118.660954654,ITU_WB_NET,"UIT, World Telecommunication/ICT Indicators Database, distribuido por Banco Mundial",OK,Ultimo dato oficial disponible; se conserva el ano real.
GGY,831,Guernsey,EUR,,,64498.0,,,,AUSENTE_DOCUMENTADO,Sin dato UIT/Banco Mundial; no imputar ni convertir en cero. Entidad SEGUN_FUENTE; tratamiento territorial conservado.
JEY,832,Jersey,EUR,,,104002.0,,,,AUSENTE_DOCUMENTADO,Sin dato UIT/Banco Mundial; no imputar ni convertir en cero. Entidad SEGUN_FUENTE; tratamiento territorial conservado.
IMN,833,Isle of Man,EUR,,,84135.0,,,,AUSENTE_DOCUMENTADO,Sin dato UIT/Banco Mundial; no imputar ni convertir en cero. Entidad SEGUN_FUENTE; tratamiento territorial conservado.
TZA,834,Tanzania,AFR,2024.0,31.16209984,70545863.0,21983572.261049617,ITU_WB_NET,"UIT, World Telecommunication/ICT Indicators Database, distribuido por Banco Mundial",OK,Ultimo dato oficial disponible; se conserva el ano real.
USA,840,Estados Unidos,NAC,2024.0,94.69380188,347275809.0,328848666.5516272,ITU_WB_NET,"UIT, World Telecommunication/ICT Indicators Database, distribuido por Banco Mundial",OK,Ultimo dato oficial disponible; se conserva el ano real.
VIR,850,"Virgin Islands, U.S.",NAC,2017.0,64.3774942980087,84151.0,54174.305226717304,ITU_WB_NET,"UIT, World Telecommunication/ICT Indicators Database, distribuido por Banco Mundial",OK,Ultimo dato oficial disponible; se conserva el ano real. Entidad SEGUN_FUENTE; tratamiento territorial conservado.
BFA,854,Burkina Faso,AFR,2024.0,28.25270081,24074582.0,6801719.623718114,ITU_WB_NET,"UIT, World Telecommunication/ICT Indicators Database, distribuido por Banco Mundial",OK,Ultimo dato oficial disponible; se conserva el ano real.
URY,858,Uruguay,SAM,2024.0,91.99109007,3384686.0,3113609.54684668,ITU_WB_NET,"UIT, World Telecommunication/ICT Indicators Database, distribuido por Banco Mundial",OK,Ultimo dato oficial disponible; se conserva el ano real.
UZB,860,Uzbekistan,RUE,2024.0,89.50550079,37053428.0,33164856.291262083,ITU_WB_NET,"UIT, World Telecommunication/ICT Indicators Database, distribuido por Banco Mundial",OK,Ultimo dato oficial disponible; se conserva el ano real.
VEN,862,Venezuela,SAM,2024.0,76.67890167,28516900.0,21866445.71033223,ITU_WB_NET,"UIT, World Telecommunication/ICT Indicators Database, distribuido por Banco Mundial",OK,Ultimo dato oficial disponible; se conserva el ano real.
WLF,876,Wallis and Futuna,APC,,,11222.0,,,,AUSENTE_DOCUMENTADO,Sin dato UIT/Banco Mundial; no imputar ni convertir en cero. Entidad SEGUN_FUENTE; tratamiento territorial conservado.
WSM,882,Samoa,APC,2014.0,21.20000076,219315.0,46494.781666794,ITU_WB_NET,"UIT, World Telecommunication/ICT Indicators Database, distribuido por Banco Mundial",OK,Ultimo dato oficial disponible; se conserva el ano real.
YEM,887,Yemen,MDE,2019.0,17.49099922,41773881.0,7306669.199873728,ITU_WB_NET,"UIT, World Telecommunication/ICT Indicators Database, distribuido por Banco Mundial",OK,Ultimo dato oficial disponible; se conserva el ano real.
ZMB,894,Zambia,AFR,2024.0,17.10099983,21913878.0,3747492.2395264073,ITU_WB_NET,"UIT, World Telecommunication/ICT Indicators Database, distribuido por Banco Mundial",OK,Ultimo dato oficial disponible; se conserva el ano real.
XKX,,Kosovo,EUR,2018.0,89.4430319734879,,,ITU_WB_NET,"UIT, World Telecommunication/ICT Indicators Database, distribuido por Banco Mundial",OK,Ultimo dato oficial disponible; se conserva el ano real. Sin poblacion 2025: no participa en el agregado. Entidad SEGUN_FUENTE; tratamiento territorial conservado.
